Experiment	Pearson score
RNCMPT00100	0.7252
RNCMPT00101	0.4546
RNCMPT00102	0.0368
RNCMPT00103	0.2284
RNCMPT00104	0.2299
RNCMPT00105	0.1367
RNCMPT00106	0.6756
RNCMPT00107	0.7524
RNCMPT00108	0.7428
RNCMPT00109	0.6967
RNCMPT00010	0.5300
RNCMPT00110	0.5543
RNCMPT00111	0.0489
RNCMPT00112	0.6955
RNCMPT00113	0.5824
RNCMPT00114	0.3513
RNCMPT00116	0.5895
RNCMPT00117	0.7350
RNCMPT00118	0.0707
RNCMPT00119	0.1316
RNCMPT00011	0.2461
RNCMPT00120	0.4306
RNCMPT00121	0.3919
RNCMPT00122	0.3045
RNCMPT00123	0.6380
RNCMPT00124	0.7177
RNCMPT00126	0.4271
RNCMPT00127	0.5324
RNCMPT00129	0.6053
RNCMPT00012	0.3894
RNCMPT00131	0.3895
RNCMPT00132	0.4066
RNCMPT00133	0.4225
RNCMPT00134	0.7833
RNCMPT00136	0.6073
RNCMPT00137	0.2503
RNCMPT00138	0.6605
RNCMPT00139	0.7197
RNCMPT00013	0.2618
RNCMPT00140	0.4899
RNCMPT00141	0.8203
RNCMPT00142	0.1690
RNCMPT00143	0.5943
RNCMPT00144	0.4247
RNCMPT00145	0.6047
RNCMPT00146	0.2894
RNCMPT00147	0.1737
RNCMPT00148	0.6165
RNCMPT00149	0.2502
RNCMPT00014	0.7470
RNCMPT00150	0.4817
RNCMPT00151	0.7474
RNCMPT00152	0.6756
RNCMPT00153	0.3121
RNCMPT00154	0.0464
RNCMPT00155	0.6010
RNCMPT00156	0.7693
RNCMPT00157	0.7188
RNCMPT00158	0.0752
RNCMPT00159	0.4581
RNCMPT00015	0.5970
RNCMPT00160	0.6795
RNCMPT00161	0.2754
RNCMPT00162	0.4687
RNCMPT00163	0.2306
RNCMPT00164	0.7567
RNCMPT00165	0.7464
RNCMPT00166	0.7351
RNCMPT00167	0.6531
RNCMPT00168	0.7219
RNCMPT00169	0.7692
RNCMPT00016	0.6955
RNCMPT00170	0.5755
RNCMPT00171	0.7742
RNCMPT00172	0.2329
RNCMPT00173	0.7764
RNCMPT00174	0.6860
RNCMPT00175	0.5020
RNCMPT00176	0.7705
RNCMPT00177	0.6613
RNCMPT00178	0.7161
RNCMPT00179	0.7900
RNCMPT00017	0.6568
RNCMPT00180	0.7507
RNCMPT00181	0.6096
RNCMPT00182	0.3233
RNCMPT00183	0.7766
RNCMPT00184	0.7871
RNCMPT00185	0.3082
RNCMPT00186	0.4076
RNCMPT00187	0.4131
RNCMPT00018	0.5755
RNCMPT00197	0.7900
RNCMPT00199	0.2919
RNCMPT00019	0.6741
RNCMPT00001	0.6796
RNCMPT00200	0.2843
RNCMPT00202	0.3566
RNCMPT00203	0.2056
RNCMPT00205	0.8033
RNCMPT00206	0.6238
RNCMPT00209	0.3417
RNCMPT00020	0.1529
RNCMPT00212	0.6854
RNCMPT00215	0.7953
RNCMPT00216	0.7499
RNCMPT00217	0.7837
RNCMPT00218	0.4910
RNCMPT00219	0.7937
RNCMPT00021	0.5105
RNCMPT00220	0.5198
RNCMPT00223	0.7408
RNCMPT00224	0.6072
RNCMPT00225	0.6066
RNCMPT00226	0.7198
RNCMPT00228	0.2383
RNCMPT00229	0.8026
RNCMPT00022	0.8206
RNCMPT00230	0.5182
RNCMPT00232	0.7449
RNCMPT00234	0.7387
RNCMPT00235	0.6199
RNCMPT00236	0.6609
RNCMPT00237	0.6469
RNCMPT00238	0.8470
RNCMPT00239	0.4792
RNCMPT00023	0.8180
RNCMPT00240	0.7215
RNCMPT00241	0.7928
RNCMPT00245	0.7891
RNCMPT00246	0.7975
RNCMPT00248	0.6105
RNCMPT00249	0.7316
RNCMPT00024	0.7736
RNCMPT00251	0.0961
RNCMPT00252	0.7260
RNCMPT00253	0.7392
RNCMPT00254	0.7214
RNCMPT00255	0.4411
RNCMPT00256	0.7811
RNCMPT00257	0.8059
RNCMPT00258	0.2466
RNCMPT00259	0.4961
RNCMPT00025	0.6331
RNCMPT00261	0.7604
RNCMPT00262	0.3557
RNCMPT00263	0.8363
RNCMPT00265	0.7841
RNCMPT00268	0.7656
RNCMPT00269	0.8259
RNCMPT00026	0.4599
RNCMPT00270	0.0105
RNCMPT00272	0.5861
RNCMPT00273	0.0884
RNCMPT00274	0.6903
RNCMPT00278	0.1058
RNCMPT00279	0.5477
RNCMPT00027	0.7409
RNCMPT00280	0.2980
RNCMPT00281	0.5541
RNCMPT00282	0.6775
RNCMPT00283	0.3880
RNCMPT00284	0.5452
RNCMPT00285	0.6029
RNCMPT00287	0.4496
RNCMPT00288	0.6569
RNCMPT00289	0.1124
RNCMPT00028	0.3004
RNCMPT00291	0.7101
RNCMPT00029	0.6466
RNCMPT00002	0.8166
RNCMPT00031	0.4504
RNCMPT00032	0.6809
RNCMPT00033	0.7536
RNCMPT00034	0.7265
RNCMPT00035	0.0395
RNCMPT00036	0.6906
RNCMPT00037	0.7688
RNCMPT00038	0.4456
RNCMPT00039	0.2749
RNCMPT00003	0.3776
RNCMPT00040	0.6098
RNCMPT00041	0.7643
RNCMPT00042	0.1765
RNCMPT00043	0.7936
RNCMPT00044	0.1803
RNCMPT00045	0.4135
RNCMPT00046	0.2145
RNCMPT00047	0.0183
RNCMPT00049	0.7696
RNCMPT00004	0.7913
RNCMPT00050	0.7896
RNCMPT00051	0.1452
RNCMPT00052	0.7105
RNCMPT00053	0.7720
RNCMPT00054	0.7137
RNCMPT00055	0.5662
RNCMPT00056	0.4782
RNCMPT00057	0.7117
RNCMPT00058	0.6878
RNCMPT00059	0.6411
RNCMPT00005	0.3976
RNCMPT00060	0.5536
RNCMPT00061	0.6830
RNCMPT00062	0.7346
RNCMPT00063	0.1075
RNCMPT00064	0.6089
RNCMPT00065	0.2337
RNCMPT00066	0.5918
RNCMPT00067	0.4177
RNCMPT00068	0.7613
RNCMPT00069	0.6483
RNCMPT00006	0.6753
RNCMPT00070	0.6829
RNCMPT00071	0.7756
RNCMPT00072	0.7901
RNCMPT00073	0.5935
RNCMPT00074	0.2730
RNCMPT00075	0.8122
RNCMPT00076	0.4482
RNCMPT00077	0.7717
RNCMPT00078	0.7129
RNCMPT00079	0.6327
RNCMPT00007	0.7117
RNCMPT00080	0.3849
RNCMPT00081	0.2123
RNCMPT00082	0.0926
RNCMPT00083	0.6566
RNCMPT00084	0.3369
RNCMPT00085	0.1920
RNCMPT00086	0.1257
RNCMPT00087	0.7102
RNCMPT00088	0.5796
RNCMPT00089	0.5401
RNCMPT00008	0.7454
RNCMPT00090	0.5025
RNCMPT00091	0.4130
RNCMPT00093	0.5690
RNCMPT00094	0.4335
RNCMPT00095	0.0855
RNCMPT00096	0.4050
RNCMPT00097	0.5913
RNCMPT00099	0.7212
RNCMPT00009	0.5124
