Experiment	Pearson score
RNCMPT00100	0.7231
RNCMPT00101	0.5692
RNCMPT00102	0.0604
RNCMPT00103	0.4219
RNCMPT00104	0.2658
RNCMPT00105	0.1102
RNCMPT00106	0.6587
RNCMPT00107	0.7631
RNCMPT00108	0.7156
RNCMPT00109	0.6895
RNCMPT00010	0.5188
RNCMPT00110	0.5176
RNCMPT00111	0.0661
RNCMPT00112	0.6965
RNCMPT00113	0.6199
RNCMPT00114	0.4361
RNCMPT00116	0.6202
RNCMPT00117	0.7217
RNCMPT00118	0.0905
RNCMPT00119	0.1911
RNCMPT00011	0.4208
RNCMPT00120	0.5978
RNCMPT00121	0.4644
RNCMPT00122	0.3882
RNCMPT00123	0.6732
RNCMPT00124	0.6589
RNCMPT00126	0.5011
RNCMPT00127	0.5664
RNCMPT00129	0.6628
RNCMPT00012	0.4170
RNCMPT00131	0.4955
RNCMPT00132	0.5810
RNCMPT00133	0.4790
RNCMPT00134	0.8009
RNCMPT00136	0.6931
RNCMPT00137	0.5812
RNCMPT00138	0.6735
RNCMPT00139	0.7202
RNCMPT00013	0.2473
RNCMPT00140	0.4935
RNCMPT00141	0.8225
RNCMPT00142	0.1299
RNCMPT00143	0.6041
RNCMPT00144	0.3728
RNCMPT00145	0.6167
RNCMPT00146	0.2810
RNCMPT00147	0.1551
RNCMPT00148	0.6125
RNCMPT00149	0.2503
RNCMPT00014	0.7649
RNCMPT00150	0.4632
RNCMPT00151	0.7472
RNCMPT00152	0.6683
RNCMPT00153	0.2756
RNCMPT00154	0.0334
RNCMPT00155	0.6175
RNCMPT00156	0.7067
RNCMPT00157	0.7084
RNCMPT00158	0.0671
RNCMPT00159	0.4967
RNCMPT00015	0.5957
RNCMPT00160	0.7384
RNCMPT00161	0.2718
RNCMPT00162	0.3757
RNCMPT00163	0.2198
RNCMPT00164	0.7602
RNCMPT00165	0.7304
RNCMPT00166	0.7370
RNCMPT00167	0.7245
RNCMPT00168	0.7009
RNCMPT00169	0.7509
RNCMPT00016	0.6368
RNCMPT00170	0.5674
RNCMPT00171	0.7752
RNCMPT00172	0.2299
RNCMPT00173	0.7349
RNCMPT00174	0.6961
RNCMPT00175	0.4982
RNCMPT00176	0.7744
RNCMPT00177	0.6668
RNCMPT00178	0.7074
RNCMPT00179	0.6997
RNCMPT00017	0.6506
RNCMPT00180	0.7485
RNCMPT00181	0.4703
RNCMPT00182	0.3160
RNCMPT00183	0.6144
RNCMPT00184	0.7747
RNCMPT00185	0.3312
RNCMPT00186	0.4412
RNCMPT00187	0.4099
RNCMPT00018	0.5756
RNCMPT00197	0.7895
RNCMPT00199	0.2631
RNCMPT00019	0.7106
RNCMPT00001	0.6633
RNCMPT00200	0.2913
RNCMPT00202	0.3579
RNCMPT00203	0.0853
RNCMPT00205	0.8154
RNCMPT00206	0.6203
RNCMPT00209	0.3115
RNCMPT00020	0.1531
RNCMPT00212	0.7134
RNCMPT00215	0.7827
RNCMPT00216	0.7436
RNCMPT00217	0.7746
RNCMPT00218	0.4922
RNCMPT00219	0.7881
RNCMPT00021	0.4954
RNCMPT00220	0.5225
RNCMPT00223	0.7450
RNCMPT00224	0.6716
RNCMPT00225	0.6068
RNCMPT00226	0.6120
RNCMPT00228	0.2453
RNCMPT00229	0.7889
RNCMPT00022	0.8204
RNCMPT00230	0.4880
RNCMPT00232	0.7618
RNCMPT00234	0.6000
RNCMPT00235	0.6314
RNCMPT00236	0.6310
RNCMPT00237	0.6597
RNCMPT00238	0.8379
RNCMPT00239	0.4735
RNCMPT00023	0.8023
RNCMPT00240	0.6899
RNCMPT00241	0.7771
RNCMPT00245	0.7878
RNCMPT00246	0.7691
RNCMPT00248	0.5885
RNCMPT00249	0.7407
RNCMPT00024	0.7704
RNCMPT00251	0.0378
RNCMPT00252	0.7177
RNCMPT00253	0.7246
RNCMPT00254	0.7314
RNCMPT00255	0.4102
RNCMPT00256	0.7572
RNCMPT00257	0.7978
RNCMPT00258	0.2439
RNCMPT00259	0.4981
RNCMPT00025	0.6435
RNCMPT00261	0.7646
RNCMPT00262	0.3513
RNCMPT00263	0.8352
RNCMPT00265	0.7863
RNCMPT00268	0.7453
RNCMPT00269	0.8120
RNCMPT00026	0.4314
RNCMPT00270	0.0129
RNCMPT00272	0.6780
RNCMPT00273	0.0455
RNCMPT00274	0.6603
RNCMPT00278	0.0702
RNCMPT00279	0.5105
RNCMPT00027	0.7089
RNCMPT00280	0.2800
RNCMPT00281	0.4878
RNCMPT00282	0.6755
RNCMPT00283	0.3812
RNCMPT00284	0.5152
RNCMPT00285	0.5825
RNCMPT00287	0.3451
RNCMPT00288	0.5323
RNCMPT00289	0.0886
RNCMPT00028	0.3431
RNCMPT00291	0.6820
RNCMPT00029	0.6826
RNCMPT00002	0.8301
RNCMPT00031	0.5735
RNCMPT00032	0.6779
RNCMPT00033	0.7528
RNCMPT00034	0.7207
RNCMPT00035	0.0356
RNCMPT00036	0.6922
RNCMPT00037	0.7684
RNCMPT00038	0.4161
RNCMPT00039	0.2556
RNCMPT00003	0.4757
RNCMPT00040	0.6960
RNCMPT00041	0.7359
RNCMPT00042	0.1967
RNCMPT00043	0.7720
RNCMPT00044	0.2096
RNCMPT00045	0.3165
RNCMPT00046	0.4030
RNCMPT00047	0.0097
RNCMPT00049	0.7704
RNCMPT00004	0.7731
RNCMPT00050	0.7920
RNCMPT00051	0.1213
RNCMPT00052	0.6982
RNCMPT00053	0.7725
RNCMPT00054	0.7047
RNCMPT00055	0.5547
RNCMPT00056	0.4799
RNCMPT00057	0.6927
RNCMPT00058	0.6722
RNCMPT00059	0.6425
RNCMPT00005	0.4083
RNCMPT00060	0.5418
RNCMPT00061	0.6920
RNCMPT00062	0.7253
RNCMPT00063	0.1356
RNCMPT00064	0.6081
RNCMPT00065	0.2720
RNCMPT00066	0.6979
RNCMPT00067	0.3874
RNCMPT00068	0.7370
RNCMPT00069	0.7322
RNCMPT00006	0.7078
RNCMPT00070	0.5735
RNCMPT00071	0.7611
RNCMPT00072	0.7858
RNCMPT00073	0.5560
RNCMPT00074	0.2186
RNCMPT00075	0.8073
RNCMPT00076	0.4678
RNCMPT00077	0.7708
RNCMPT00078	0.7111
RNCMPT00079	0.6176
RNCMPT00007	0.7305
RNCMPT00080	0.4782
RNCMPT00081	0.2160
RNCMPT00082	0.0427
RNCMPT00083	0.6397
RNCMPT00084	0.2643
RNCMPT00085	0.1751
RNCMPT00086	0.1076
RNCMPT00087	0.7200
RNCMPT00088	0.6035
RNCMPT00089	0.5332
RNCMPT00008	0.7457
RNCMPT00090	0.4898
RNCMPT00091	0.4056
RNCMPT00093	0.6227
RNCMPT00094	0.6052
RNCMPT00095	0.1277
RNCMPT00096	0.6147
RNCMPT00097	0.6315
RNCMPT00099	0.7445
RNCMPT00009	0.5001
