Experiment	Pearson score
RNCMPT00100	0.7524
RNCMPT00101	0.5927
RNCMPT00102	0.0907
RNCMPT00103	0.3982
RNCMPT00104	0.3221
RNCMPT00105	0.1191
RNCMPT00106	0.6765
RNCMPT00107	0.7542
RNCMPT00108	0.7552
RNCMPT00109	0.7109
RNCMPT00010	0.5306
RNCMPT00110	0.4595
RNCMPT00111	0.0237
RNCMPT00112	0.7261
RNCMPT00113	0.6036
RNCMPT00114	0.4956
RNCMPT00116	0.6341
RNCMPT00117	0.7204
RNCMPT00118	0.0746
RNCMPT00119	0.0757
RNCMPT00011	0.4730
RNCMPT00120	0.5309
RNCMPT00121	0.3591
RNCMPT00122	0.5440
RNCMPT00123	0.7071
RNCMPT00124	0.7182
RNCMPT00126	0.4997
RNCMPT00127	0.5833
RNCMPT00129	0.6545
RNCMPT00012	0.4077
RNCMPT00131	0.4795
RNCMPT00132	0.5400
RNCMPT00133	0.5306
RNCMPT00134	0.8066
RNCMPT00136	0.6598
RNCMPT00137	0.5565
RNCMPT00138	0.6689
RNCMPT00139	0.7093
RNCMPT00013	0.2464
RNCMPT00140	0.4831
RNCMPT00141	0.8217
RNCMPT00142	0.1234
RNCMPT00143	0.6021
RNCMPT00144	0.3891
RNCMPT00145	0.6146
RNCMPT00146	0.2772
RNCMPT00147	0.1581
RNCMPT00148	0.6138
RNCMPT00149	0.2506
RNCMPT00014	0.7633
RNCMPT00150	0.4629
RNCMPT00151	0.7466
RNCMPT00152	0.6619
RNCMPT00153	0.2576
RNCMPT00154	0.0331
RNCMPT00155	0.6209
RNCMPT00156	0.7434
RNCMPT00157	0.7060
RNCMPT00158	0.0809
RNCMPT00159	0.5006
RNCMPT00015	0.5953
RNCMPT00160	0.7388
RNCMPT00161	0.2702
RNCMPT00162	0.3745
RNCMPT00163	0.2277
RNCMPT00164	0.7562
RNCMPT00165	0.7293
RNCMPT00166	0.7417
RNCMPT00167	0.7245
RNCMPT00168	0.7371
RNCMPT00169	0.7707
RNCMPT00016	0.6356
RNCMPT00170	0.5639
RNCMPT00171	0.7813
RNCMPT00172	0.2317
RNCMPT00173	0.7311
RNCMPT00174	0.6868
RNCMPT00175	0.5015
RNCMPT00176	0.7697
RNCMPT00177	0.6655
RNCMPT00178	0.7112
RNCMPT00179	0.7481
RNCMPT00017	0.6587
RNCMPT00180	0.7433
RNCMPT00181	0.4618
RNCMPT00182	0.3178
RNCMPT00183	0.4837
RNCMPT00184	0.7751
RNCMPT00185	0.3307
RNCMPT00186	0.4415
RNCMPT00187	0.4028
RNCMPT00018	0.5784
RNCMPT00197	0.7986
RNCMPT00199	0.2767
RNCMPT00019	0.7323
RNCMPT00001	0.6852
RNCMPT00200	0.2918
RNCMPT00202	0.3568
RNCMPT00203	0.0092
RNCMPT00205	0.8131
RNCMPT00206	0.6246
RNCMPT00209	0.3241
RNCMPT00020	0.1518
RNCMPT00212	0.7013
RNCMPT00215	0.7804
RNCMPT00216	0.7088
RNCMPT00217	0.7750
RNCMPT00218	0.4944
RNCMPT00219	0.7880
RNCMPT00021	0.5100
RNCMPT00220	0.5232
RNCMPT00223	0.7470
RNCMPT00224	0.6818
RNCMPT00225	0.6101
RNCMPT00226	0.7080
RNCMPT00228	0.2272
RNCMPT00229	0.7909
RNCMPT00022	0.8127
RNCMPT00230	0.4982
RNCMPT00232	0.7552
RNCMPT00234	0.6498
RNCMPT00235	0.6269
RNCMPT00236	0.6588
RNCMPT00237	0.6594
RNCMPT00238	0.8448
RNCMPT00239	0.4760
RNCMPT00023	0.8098
RNCMPT00240	0.6553
RNCMPT00241	0.7401
RNCMPT00245	0.7967
RNCMPT00246	0.7692
RNCMPT00248	0.5915
RNCMPT00249	0.7418
RNCMPT00024	0.7710
RNCMPT00251	0.0686
RNCMPT00252	0.7273
RNCMPT00253	0.7320
RNCMPT00254	0.7255
RNCMPT00255	0.4027
RNCMPT00256	0.7561
RNCMPT00257	0.8066
RNCMPT00258	0.2452
RNCMPT00259	0.5089
RNCMPT00025	0.6572
RNCMPT00261	0.7690
RNCMPT00262	0.3521
RNCMPT00263	0.8379
RNCMPT00265	0.7846
RNCMPT00268	0.7480
RNCMPT00269	0.8157
RNCMPT00026	0.4037
RNCMPT00270	0.0149
RNCMPT00272	0.6917
RNCMPT00273	0.0411
RNCMPT00274	0.6820
RNCMPT00278	0.0897
RNCMPT00279	0.5268
RNCMPT00027	0.6562
RNCMPT00280	0.2828
RNCMPT00281	0.5359
RNCMPT00282	0.6721
RNCMPT00283	0.3866
RNCMPT00284	0.5259
RNCMPT00285	0.5904
RNCMPT00287	0.3856
RNCMPT00288	0.5566
RNCMPT00289	0.0852
RNCMPT00028	0.3524
RNCMPT00291	0.6679
RNCMPT00029	0.6905
RNCMPT00002	0.8267
RNCMPT00031	0.5338
RNCMPT00032	0.6788
RNCMPT00033	0.7528
RNCMPT00034	0.7341
RNCMPT00035	0.0422
RNCMPT00036	0.6884
RNCMPT00037	0.7725
RNCMPT00038	0.4196
RNCMPT00039	0.3458
RNCMPT00003	0.5766
RNCMPT00040	0.6984
RNCMPT00041	0.7431
RNCMPT00042	0.1939
RNCMPT00043	0.7909
RNCMPT00044	0.1844
RNCMPT00045	0.3640
RNCMPT00046	0.4676
RNCMPT00047	0.0042
RNCMPT00049	0.7715
RNCMPT00004	0.7814
RNCMPT00050	0.7872
RNCMPT00051	0.1417
RNCMPT00052	0.7175
RNCMPT00053	0.7754
RNCMPT00054	0.7103
RNCMPT00055	0.5580
RNCMPT00056	0.4795
RNCMPT00057	0.7005
RNCMPT00058	0.6779
RNCMPT00059	0.6406
RNCMPT00005	0.4071
RNCMPT00060	0.5489
RNCMPT00061	0.6962
RNCMPT00062	0.7265
RNCMPT00063	0.1005
RNCMPT00064	0.5837
RNCMPT00065	0.3519
RNCMPT00066	0.7269
RNCMPT00067	0.3911
RNCMPT00068	0.7490
RNCMPT00069	0.7440
RNCMPT00006	0.7427
RNCMPT00070	0.5270
RNCMPT00071	0.7755
RNCMPT00072	0.7859
RNCMPT00073	0.5553
RNCMPT00074	0.2325
RNCMPT00075	0.8048
RNCMPT00076	0.4618
RNCMPT00077	0.7713
RNCMPT00078	0.7127
RNCMPT00079	0.6778
RNCMPT00007	0.7478
RNCMPT00080	0.4877
RNCMPT00081	0.2205
RNCMPT00082	0.0554
RNCMPT00083	0.6603
RNCMPT00084	0.2395
RNCMPT00085	0.1868
RNCMPT00086	0.1323
RNCMPT00087	0.7272
RNCMPT00088	0.6172
RNCMPT00089	0.6042
RNCMPT00008	0.7376
RNCMPT00090	0.5080
RNCMPT00091	0.4096
RNCMPT00093	0.6262
RNCMPT00094	0.5726
RNCMPT00095	0.1486
RNCMPT00096	0.5717
RNCMPT00097	0.6646
RNCMPT00099	0.7417
RNCMPT00009	0.5027
