Experiment	Pearson score
RNCMPT00100	0.6397
RNCMPT00101	0.4321
RNCMPT00102	0.0824
RNCMPT00103	-0.4069
RNCMPT00104	0.2107
RNCMPT00105	0.1041
RNCMPT00106	-0.4669
RNCMPT00107	0.5280
RNCMPT00108	0.5875
RNCMPT00109	-0.4690
RNCMPT00010	0.5307
RNCMPT00110	0.4451
RNCMPT00111	0.0603
RNCMPT00112	0.6698
RNCMPT00113	-0.4745
RNCMPT00114	0.3418
RNCMPT00116	0.5478
RNCMPT00117	0.6118
RNCMPT00118	0.0946
RNCMPT00119	0.1826
RNCMPT00011	-0.2982
RNCMPT00120	0.5302
RNCMPT00121	-0.4603
RNCMPT00122	-0.3685
RNCMPT00123	0.5266
RNCMPT00124	0.6072
RNCMPT00126	-0.1649
RNCMPT00127	-0.4917
RNCMPT00129	-0.5870
RNCMPT00012	0.2765
RNCMPT00131	0.4738
RNCMPT00132	-0.4815
RNCMPT00133	0.4163
RNCMPT00134	0.6407
RNCMPT00136	0.5615
RNCMPT00137	-0.4267
RNCMPT00138	0.6667
RNCMPT00139	0.6886
RNCMPT00013	0.1237
RNCMPT00140	0.4306
RNCMPT00141	0.8251
RNCMPT00142	0.0575
RNCMPT00143	0.5828
RNCMPT00144	0.1637
RNCMPT00145	0.5368
RNCMPT00146	0.1881
RNCMPT00147	0.0757
RNCMPT00148	0.6005
RNCMPT00149	0.2473
RNCMPT00014	0.6541
RNCMPT00150	0.3885
RNCMPT00151	0.7437
RNCMPT00152	0.6302
RNCMPT00153	0.1299
RNCMPT00154	0.0208
RNCMPT00155	0.5972
RNCMPT00156	0.5220
RNCMPT00157	0.6867
RNCMPT00158	0.0403
RNCMPT00159	0.2084
RNCMPT00015	0.6231
RNCMPT00160	0.6715
RNCMPT00161	0.2641
RNCMPT00162	0.3965
RNCMPT00163	0.1537
RNCMPT00164	0.7550
RNCMPT00165	0.6894
RNCMPT00166	0.7159
RNCMPT00167	0.6560
RNCMPT00168	0.6590
RNCMPT00169	0.6954
RNCMPT00016	0.4887
RNCMPT00170	0.5487
RNCMPT00171	0.7757
RNCMPT00172	0.2037
RNCMPT00173	0.5131
RNCMPT00174	0.6923
RNCMPT00175	0.4699
RNCMPT00176	0.6864
RNCMPT00177	0.6655
RNCMPT00178	0.7021
RNCMPT00179	0.6362
RNCMPT00017	0.5870
RNCMPT00180	0.6673
RNCMPT00181	0.1402
RNCMPT00182	0.1996
RNCMPT00183	0.4861
RNCMPT00184	0.7076
RNCMPT00185	0.2096
RNCMPT00186	0.2700
RNCMPT00187	0.2954
RNCMPT00018	0.5667
RNCMPT00197	0.7731
RNCMPT00199	0.2558
RNCMPT00019	0.4790
RNCMPT00001	0.6361
RNCMPT00200	0.0297
RNCMPT00202	0.3570
RNCMPT00203	-0.0413
RNCMPT00205	0.8046
RNCMPT00206	0.5870
RNCMPT00209	0.2983
RNCMPT00020	0.1522
RNCMPT00212	-0.5476
RNCMPT00215	0.6488
RNCMPT00216	0.7227
RNCMPT00217	0.7527
RNCMPT00218	0.3245
RNCMPT00219	0.7103
RNCMPT00021	0.4967
RNCMPT00220	0.4613
RNCMPT00223	0.7366
RNCMPT00224	0.5564
RNCMPT00225	0.5951
RNCMPT00226	0.6371
RNCMPT00228	0.0667
RNCMPT00229	0.7612
RNCMPT00022	0.8128
RNCMPT00230	0.4525
RNCMPT00232	0.7307
RNCMPT00234	0.5836
RNCMPT00235	0.6341
RNCMPT00236	0.5379
RNCMPT00237	0.6457
RNCMPT00238	0.8454
RNCMPT00239	0.2128
RNCMPT00023	0.5380
RNCMPT00240	0.6011
RNCMPT00241	0.7045
RNCMPT00245	0.7924
RNCMPT00246	0.7595
RNCMPT00248	0.5871
RNCMPT00249	0.7359
RNCMPT00024	0.7727
RNCMPT00251	0.0307
RNCMPT00252	0.7177
RNCMPT00253	0.4932
RNCMPT00254	0.7374
RNCMPT00255	0.3419
RNCMPT00256	0.6094
RNCMPT00257	0.7681
RNCMPT00258	0.2434
RNCMPT00259	0.4328
RNCMPT00025	0.3937
RNCMPT00261	0.7337
RNCMPT00262	0.3022
RNCMPT00263	0.8463
RNCMPT00265	0.7784
RNCMPT00268	0.7308
RNCMPT00269	0.7927
RNCMPT00026	0.1992
RNCMPT00270	0.0080
RNCMPT00272	0.6298
RNCMPT00273	-0.0029
RNCMPT00274	0.6103
RNCMPT00278	0.0241
RNCMPT00279	0.0570
RNCMPT00027	0.6147
RNCMPT00280	0.0569
RNCMPT00281	0.3307
RNCMPT00282	0.6546
RNCMPT00283	0.3633
RNCMPT00284	0.3492
RNCMPT00285	0.4889
RNCMPT00287	0.1033
RNCMPT00288	0.2996
RNCMPT00289	0.0376
RNCMPT00028	0.2805
RNCMPT00291	0.6810
RNCMPT00029	0.6021
RNCMPT00002	0.7832
RNCMPT00031	0.4558
RNCMPT00032	0.5650
RNCMPT00033	0.7506
RNCMPT00034	0.7130
RNCMPT00035	0.0426
RNCMPT00036	0.6933
RNCMPT00037	0.7750
RNCMPT00038	0.3235
RNCMPT00039	0.3525
RNCMPT00003	0.3572
RNCMPT00040	-0.5629
RNCMPT00041	0.7270
RNCMPT00042	0.0799
RNCMPT00043	0.7308
RNCMPT00044	0.1936
RNCMPT00045	0.2526
RNCMPT00046	0.3757
RNCMPT00047	-0.0056
RNCMPT00049	0.7706
RNCMPT00004	0.7597
RNCMPT00050	0.7880
RNCMPT00051	0.0129
RNCMPT00052	0.5961
RNCMPT00053	0.7563
RNCMPT00054	0.6782
RNCMPT00055	0.5071
RNCMPT00056	0.4729
RNCMPT00057	0.6663
RNCMPT00058	0.6784
RNCMPT00059	0.6389
RNCMPT00005	0.2927
RNCMPT00060	0.5373
RNCMPT00061	0.5176
RNCMPT00062	0.6801
RNCMPT00063	0.1172
RNCMPT00064	0.5801
RNCMPT00065	0.3207
RNCMPT00066	0.4867
RNCMPT00067	0.3649
RNCMPT00068	0.7143
RNCMPT00069	0.6944
RNCMPT00006	0.5770
RNCMPT00070	0.3263
RNCMPT00071	0.7626
RNCMPT00072	0.7734
RNCMPT00073	0.4912
RNCMPT00074	0.1135
RNCMPT00075	0.8096
RNCMPT00076	0.4592
RNCMPT00077	0.7450
RNCMPT00078	0.7115
RNCMPT00079	0.3482
RNCMPT00007	0.6963
RNCMPT00080	0.2700
RNCMPT00081	0.2083
RNCMPT00082	0.0858
RNCMPT00083	-0.4949
RNCMPT00084	0.0685
RNCMPT00085	0.1361
RNCMPT00086	0.0366
RNCMPT00087	0.6676
RNCMPT00088	-0.4309
RNCMPT00089	0.4053
RNCMPT00008	0.7618
RNCMPT00090	0.3611
RNCMPT00091	0.3826
RNCMPT00093	0.4951
RNCMPT00094	0.5746
RNCMPT00095	0.1186
RNCMPT00096	0.5153
RNCMPT00097	0.5295
RNCMPT00099	0.6525
RNCMPT00009	0.5125
