Experiment	Pearson score
RNCMPT00100	0.6828
RNCMPT00101	0.3896
RNCMPT00102	0.0339
RNCMPT00103	0.3950
RNCMPT00104	0.2951
RNCMPT00105	0.1322
RNCMPT00106	0.5831
RNCMPT00107	0.6554
RNCMPT00108	0.6630
RNCMPT00109	0.5352
RNCMPT00010	0.5419
RNCMPT00110	0.5547
RNCMPT00111	0.0741
RNCMPT00112	0.6905
RNCMPT00113	0.5384
RNCMPT00114	0.3340
RNCMPT00116	0.5031
RNCMPT00117	0.7014
RNCMPT00118	0.0806
RNCMPT00119	0.2264
RNCMPT00011	0.3139
RNCMPT00120	0.4263
RNCMPT00121	0.4607
RNCMPT00122	0.3781
RNCMPT00123	0.5129
RNCMPT00124	0.6395
RNCMPT00126	0.4244
RNCMPT00127	0.5801
RNCMPT00129	0.3810
RNCMPT00012	0.3943
RNCMPT00131	0.4291
RNCMPT00132	0.3688
RNCMPT00133	0.3931
RNCMPT00134	0.6649
RNCMPT00136	0.5556
RNCMPT00137	0.0462
RNCMPT00138	0.6708
RNCMPT00139	0.7368
RNCMPT00013	0.2545
RNCMPT00140	0.4899
RNCMPT00141	0.8236
RNCMPT00142	0.1671
RNCMPT00143	0.6012
RNCMPT00144	0.4308
RNCMPT00145	0.6287
RNCMPT00146	0.2890
RNCMPT00147	0.1725
RNCMPT00148	0.6318
RNCMPT00149	0.2503
RNCMPT00014	0.7297
RNCMPT00150	0.4808
RNCMPT00151	0.7510
RNCMPT00152	0.6627
RNCMPT00153	0.3188
RNCMPT00154	0.0461
RNCMPT00155	0.6297
RNCMPT00156	0.7723
RNCMPT00157	0.7207
RNCMPT00158	0.0695
RNCMPT00159	0.4726
RNCMPT00015	0.6215
RNCMPT00160	0.6763
RNCMPT00161	0.2740
RNCMPT00162	0.4786
RNCMPT00163	0.2386
RNCMPT00164	0.7599
RNCMPT00165	0.7358
RNCMPT00166	0.7321
RNCMPT00167	0.6884
RNCMPT00168	0.6941
RNCMPT00169	0.7585
RNCMPT00016	0.7040
RNCMPT00170	0.5802
RNCMPT00171	0.7708
RNCMPT00172	0.2334
RNCMPT00173	0.7589
RNCMPT00174	0.6859
RNCMPT00175	0.5036
RNCMPT00176	0.7677
RNCMPT00177	0.6650
RNCMPT00178	0.7146
RNCMPT00179	0.7362
RNCMPT00017	0.6188
RNCMPT00180	0.7483
RNCMPT00181	0.6033
RNCMPT00182	0.3091
RNCMPT00183	0.7444
RNCMPT00184	0.7680
RNCMPT00185	0.3142
RNCMPT00186	0.4343
RNCMPT00187	0.4153
RNCMPT00018	0.5808
RNCMPT00197	0.8040
RNCMPT00199	0.2948
RNCMPT00019	0.6722
RNCMPT00001	0.6651
RNCMPT00200	0.2604
RNCMPT00202	0.3597
RNCMPT00203	0.2103
RNCMPT00205	0.8026
RNCMPT00206	0.6188
RNCMPT00209	0.3431
RNCMPT00020	0.1536
RNCMPT00212	0.5983
RNCMPT00215	0.7955
RNCMPT00216	0.7525
RNCMPT00217	0.7648
RNCMPT00218	0.5040
RNCMPT00219	0.7720
RNCMPT00021	0.5109
RNCMPT00220	0.5247
RNCMPT00223	0.7559
RNCMPT00224	0.5929
RNCMPT00225	0.6187
RNCMPT00226	0.7222
RNCMPT00228	0.2055
RNCMPT00229	0.7871
RNCMPT00022	0.8205
RNCMPT00230	0.5236
RNCMPT00232	0.7191
RNCMPT00234	0.7456
RNCMPT00235	0.6305
RNCMPT00236	0.6647
RNCMPT00237	0.6481
RNCMPT00238	0.8459
RNCMPT00239	0.4772
RNCMPT00023	0.8037
RNCMPT00240	0.7139
RNCMPT00241	0.7925
RNCMPT00245	0.7978
RNCMPT00246	0.7817
RNCMPT00248	0.5952
RNCMPT00249	0.7283
RNCMPT00024	0.7727
RNCMPT00251	0.0953
RNCMPT00252	0.7310
RNCMPT00253	0.7497
RNCMPT00254	0.7236
RNCMPT00255	0.4393
RNCMPT00256	0.7551
RNCMPT00257	0.7826
RNCMPT00258	0.2449
RNCMPT00259	0.4885
RNCMPT00025	0.6154
RNCMPT00261	0.7622
RNCMPT00262	0.3544
RNCMPT00263	0.8412
RNCMPT00265	0.7860
RNCMPT00268	0.7561
RNCMPT00269	0.8205
RNCMPT00026	0.4556
RNCMPT00270	0.0124
RNCMPT00272	0.5719
RNCMPT00273	0.0864
RNCMPT00274	0.6621
RNCMPT00278	0.1056
RNCMPT00279	0.5461
RNCMPT00027	0.7190
RNCMPT00280	0.2987
RNCMPT00281	0.5591
RNCMPT00282	0.6775
RNCMPT00283	0.3953
RNCMPT00284	0.5468
RNCMPT00285	0.5912
RNCMPT00287	0.4525
RNCMPT00288	0.6550
RNCMPT00289	0.1143
RNCMPT00028	0.2558
RNCMPT00291	0.7012
RNCMPT00029	0.6063
RNCMPT00002	0.8189
RNCMPT00031	0.4139
RNCMPT00032	0.6964
RNCMPT00033	0.7476
RNCMPT00034	0.7298
RNCMPT00035	0.0429
RNCMPT00036	0.6683
RNCMPT00037	0.7560
RNCMPT00038	0.4233
RNCMPT00039	0.3756
RNCMPT00003	0.3735
RNCMPT00040	0.5992
RNCMPT00041	0.7449
RNCMPT00042	0.1922
RNCMPT00043	0.7701
RNCMPT00044	0.1585
RNCMPT00045	0.4153
RNCMPT00046	0.2746
RNCMPT00047	0.0179
RNCMPT00049	0.7726
RNCMPT00004	0.7703
RNCMPT00050	0.7919
RNCMPT00051	0.1899
RNCMPT00052	0.6694
RNCMPT00053	0.7891
RNCMPT00054	0.7161
RNCMPT00055	0.5618
RNCMPT00056	0.4810
RNCMPT00057	0.7148
RNCMPT00058	0.6876
RNCMPT00059	0.6422
RNCMPT00005	0.4049
RNCMPT00060	0.5637
RNCMPT00061	0.7030
RNCMPT00062	0.7250
RNCMPT00063	0.1181
RNCMPT00064	0.6225
RNCMPT00065	0.2472
RNCMPT00066	0.5734
RNCMPT00067	0.4171
RNCMPT00068	0.7457
RNCMPT00069	0.5629
RNCMPT00006	0.6277
RNCMPT00070	0.6846
RNCMPT00071	0.7768
RNCMPT00072	0.7862
RNCMPT00073	0.5951
RNCMPT00074	0.2671
RNCMPT00075	0.8023
RNCMPT00076	0.4622
RNCMPT00077	0.7481
RNCMPT00078	0.7185
RNCMPT00079	0.6363
RNCMPT00007	0.7250
RNCMPT00080	0.3782
RNCMPT00081	0.2151
RNCMPT00082	0.1275
RNCMPT00083	0.6143
RNCMPT00084	0.3367
RNCMPT00085	0.1852
RNCMPT00086	0.1130
RNCMPT00087	0.7115
RNCMPT00088	0.4942
RNCMPT00089	0.5523
RNCMPT00008	0.7533
RNCMPT00090	0.5245
RNCMPT00091	0.4105
RNCMPT00093	0.4497
RNCMPT00094	0.4695
RNCMPT00095	0.0877
RNCMPT00096	0.4653
RNCMPT00097	0.5409
RNCMPT00099	0.6599
RNCMPT00009	0.5188
