Experiment	Pearson score
RNCMPT00100	0.7456
RNCMPT00101	0.5555
RNCMPT00102	0.1085
RNCMPT00103	0.4139
RNCMPT00104	0.3185
RNCMPT00105	0.0869
RNCMPT00106	0.6799
RNCMPT00107	0.7501
RNCMPT00108	0.7437
RNCMPT00109	0.6834
RNCMPT00010	0.5219
RNCMPT00110	0.5363
RNCMPT00111	0.0471
RNCMPT00112	0.7164
RNCMPT00113	0.5478
RNCMPT00114	0.4752
RNCMPT00116	0.6315
RNCMPT00117	0.7095
RNCMPT00118	0.0551
RNCMPT00119	0.1372
RNCMPT00011	0.4363
RNCMPT00120	0.5186
RNCMPT00121	0.3742
RNCMPT00122	0.4487
RNCMPT00123	0.6814
RNCMPT00124	0.7113
RNCMPT00126	0.5149
RNCMPT00127	0.5660
RNCMPT00129	0.6573
RNCMPT00012	0.4078
RNCMPT00131	0.4895
RNCMPT00132	0.6436
RNCMPT00133	0.4811
RNCMPT00134	0.8049
RNCMPT00136	0.6889
RNCMPT00137	0.5947
RNCMPT00138	0.6692
RNCMPT00139	0.7218
RNCMPT00013	0.2490
RNCMPT00140	0.4923
