Experiment	Pearson score
RNCMPT00100	0.6578
RNCMPT00101	0.4272
RNCMPT00102	0.1067
RNCMPT00103	0.3781
RNCMPT00104	0.2335
RNCMPT00105	0.0754
RNCMPT00106	0.4967
RNCMPT00107	0.5805
RNCMPT00108	0.4330
RNCMPT00109	-0.5084
RNCMPT00010	0.5079
RNCMPT00110	0.4688
RNCMPT00111	0.0396
RNCMPT00112	-0.6434
RNCMPT00113	0.4663
RNCMPT00114	-0.2785
RNCMPT00116	0.5407
RNCMPT00117	0.5692
RNCMPT00118	0.0869
RNCMPT00119	0.0558
RNCMPT00011	0.2199
RNCMPT00120	-0.4855
RNCMPT00121	0.4909
RNCMPT00122	0.3136
RNCMPT00123	0.5031
RNCMPT00124	0.6147
RNCMPT00126	0.3187
RNCMPT00127	-0.4353
RNCMPT00129	0.6090
RNCMPT00012	0.3034
RNCMPT00131	0.4401
RNCMPT00132	0.5090
RNCMPT00133	-0.2493
RNCMPT00134	0.6786
RNCMPT00136	0.5476
RNCMPT00137	0.4261
RNCMPT00138	0.6531
RNCMPT00139	0.7169
RNCMPT00013	0.0964
RNCMPT00140	0.4178
RNCMPT00141	0.8176
RNCMPT00142	0.0492
RNCMPT00143	0.5829
RNCMPT00144	0.1544
RNCMPT00145	0.5685
RNCMPT00146	0.2423
RNCMPT00147	-0.0054
RNCMPT00148	0.6203
RNCMPT00149	0.2458
RNCMPT00014	0.6419
RNCMPT00150	0.3765
RNCMPT00151	0.7219
RNCMPT00152	0.6281
RNCMPT00153	0.1965
RNCMPT00154	0.0198
RNCMPT00155	0.5330
RNCMPT00156	0.4055
RNCMPT00157	0.5332
RNCMPT00158	0.0287
RNCMPT00159	0.2390
RNCMPT00015	0.6172
RNCMPT00160	0.6358
RNCMPT00161	0.2136
RNCMPT00162	0.2798
RNCMPT00163	0.0992
RNCMPT00164	0.7545
RNCMPT00165	0.6863
RNCMPT00166	0.7150
RNCMPT00167	0.6280
RNCMPT00168	0.6952
RNCMPT00169	0.6850
RNCMPT00016	0.3924
RNCMPT00170	0.5608
RNCMPT00171	0.7593
RNCMPT00172	0.1558
RNCMPT00173	0.4949
RNCMPT00174	0.6836
RNCMPT00175	0.4724
RNCMPT00176	0.6755
RNCMPT00177	0.6608
RNCMPT00178	0.7159
RNCMPT00179	0.5667
RNCMPT00017	0.5886
RNCMPT00180	0.6421
RNCMPT00181	0.1285
RNCMPT00182	0.1970
RNCMPT00183	0.3368
RNCMPT00184	0.7249
RNCMPT00185	0.1996
RNCMPT00186	0.2643
RNCMPT00187	0.3313
RNCMPT00018	0.5645
RNCMPT00197	0.7562
RNCMPT00199	0.2652
RNCMPT00019	0.4454
RNCMPT00001	0.6443
RNCMPT00200	0.0566
RNCMPT00202	0.3533
RNCMPT00203	0.0434
RNCMPT00205	0.8143
RNCMPT00206	0.6207
RNCMPT00209	0.3066
RNCMPT00020	0.1410
RNCMPT00212	-0.5414
RNCMPT00215	0.6513
RNCMPT00216	0.7462
RNCMPT00217	0.7517
RNCMPT00218	0.3652
RNCMPT00219	0.6801
RNCMPT00021	0.4555
RNCMPT00220	0.4706
RNCMPT00223	0.7429
RNCMPT00224	0.5526
RNCMPT00225	0.5670
RNCMPT00226	0.2134
RNCMPT00228	0.0968
RNCMPT00229	0.7524
RNCMPT00022	0.7917
RNCMPT00230	0.4132
RNCMPT00232	0.7393
RNCMPT00234	0.5240
RNCMPT00235	0.6301
RNCMPT00236	0.4496
RNCMPT00237	0.6516
RNCMPT00238	0.8475
RNCMPT00239	0.1210
RNCMPT00023	0.7238
RNCMPT00240	0.5471
RNCMPT00241	0.6470
RNCMPT00245	0.7935
RNCMPT00246	0.7606
RNCMPT00248	0.5897
RNCMPT00249	0.7316
RNCMPT00024	0.7652
RNCMPT00251	-0.0033
RNCMPT00252	0.6543
RNCMPT00253	0.5788
RNCMPT00254	0.7229
RNCMPT00255	0.2772
RNCMPT00256	0.5726
RNCMPT00257	0.7689
RNCMPT00258	0.2359
RNCMPT00259	0.4492
RNCMPT00025	0.3836
RNCMPT00261	0.5526
RNCMPT00262	0.2812
RNCMPT00263	0.8355
RNCMPT00265	0.7788
RNCMPT00268	0.7469
RNCMPT00269	0.7089
RNCMPT00026	0.3063
RNCMPT00270	0.0156
RNCMPT00272	0.6596
RNCMPT00273	-0.0025
RNCMPT00274	0.6356
RNCMPT00278	-0.0100
RNCMPT00279	0.2602
RNCMPT00027	0.5956
RNCMPT00280	0.1306
RNCMPT00281	0.2577
RNCMPT00282	0.6498
RNCMPT00283	0.2916
RNCMPT00284	0.3161
RNCMPT00285	0.4479
RNCMPT00287	0.1691
RNCMPT00288	0.2422
RNCMPT00289	0.0671
RNCMPT00028	0.2957
RNCMPT00291	0.6807
RNCMPT00029	-0.6156
RNCMPT00002	0.7768
RNCMPT00031	0.4311
RNCMPT00032	0.5692
RNCMPT00033	0.7331
RNCMPT00034	0.7085
RNCMPT00035	0.0401
RNCMPT00036	0.6879
RNCMPT00037	0.7721
RNCMPT00038	0.2281
RNCMPT00039	0.3443
RNCMPT00003	0.3148
RNCMPT00040	0.5894
RNCMPT00041	0.7316
RNCMPT00042	0.1145
RNCMPT00043	0.7402
RNCMPT00044	0.1926
RNCMPT00045	0.3142
RNCMPT00046	0.3731
RNCMPT00047	0.0038
RNCMPT00049	0.7720
RNCMPT00004	0.7672
RNCMPT00050	0.7836
RNCMPT00051	0.0482
RNCMPT00052	0.5997
RNCMPT00053	0.7373
RNCMPT00054	0.6595
RNCMPT00055	0.5230
RNCMPT00056	0.4619
RNCMPT00057	0.6578
RNCMPT00058	0.6625
RNCMPT00059	0.6420
RNCMPT00005	0.2818
RNCMPT00060	0.4772
RNCMPT00061	0.5905
RNCMPT00062	0.2993
RNCMPT00063	-0.0929
RNCMPT00064	0.4592
RNCMPT00065	0.3034
RNCMPT00066	0.4962
RNCMPT00067	0.2343
RNCMPT00068	0.7240
RNCMPT00069	0.6949
RNCMPT00006	0.5728
RNCMPT00070	0.2083
RNCMPT00071	0.7699
RNCMPT00072	0.7834
RNCMPT00073	0.4641
RNCMPT00074	0.1233
RNCMPT00075	0.8100
RNCMPT00076	0.4614
RNCMPT00077	0.7561
RNCMPT00078	0.7137
RNCMPT00079	-0.3586
RNCMPT00007	0.6861
RNCMPT00080	0.2120
RNCMPT00081	0.2119
RNCMPT00082	0.0786
RNCMPT00083	0.4000
RNCMPT00084	0.0757
RNCMPT00085	0.1384
RNCMPT00086	0.0548
RNCMPT00087	0.6829
RNCMPT00088	0.4724
RNCMPT00089	0.2745
RNCMPT00008	0.7506
RNCMPT00090	0.3875
RNCMPT00091	0.3879
RNCMPT00093	0.5073
RNCMPT00094	0.5657
RNCMPT00095	0.1083
RNCMPT00096	0.4850
RNCMPT00097	0.5452
RNCMPT00099	0.6102
RNCMPT00009	0.5104
